{"min": [-0.844327, -0.032436, -0.565166], "max": [0.866709, 0.050029, 0.581491]}